vendor_id,first_name,last_name,username,password,mobile_number,email,registeredAt,createdAt,address,city_name
1,Zebulen,Guillou,zguillou0,7e496e0b06f1f68331ee7f07811f1a23e0418ac3cb9cd476ad2dc8aae528c365,941-629-4115,zguillou0@domainmarket.com,2022-08-02,2021-11-22,4665 International Way,Umanggudang
2,Geoff,Frowde,gfrowde1,85188895e4cb5ebd7130654f8c7478033f5c29bb4d3a73266c5b4a1d75f352d2,433-813-6305,gfrowde1@themeforest.net,2022-08-03,2022-02-17,41 Eagle Crest Terrace,North Side
3,Billy,Barme,bbarme2,79848dccb12264025fde91a3a0a57ea7045708c94b56c4ffb01b708933246ffd,381-497-9907,bbarme2@slate.com,2022-05-30,2022-11-03,87 Mcguire Road,Santander de Quilichao
4,Norma,Heijne,nheijne3,e5fae5ff336c8e0bf23422ba2131f585101a0f6ec2cf039963b9acab580f5586,354-908-6411,nheijne3@plala.or.jp,2022-07-20,2022-10-10,9520 Atwood Road,San Marcos
5,Gran,Whiskin,gwhiskin4,5967872f020ad2913900369243fba35197e97c4dda130ce6d130f68b7655d648,316-947-8634,gwhiskin4@woothemes.com,2022-11-09,2021-12-18,9597 Westridge Park,Derjan
6,Fernando,Leehane,fleehane5,b2e56cec5aaaa24fea1e10f313618c977807b2e3c14bac79c375974d27063336,303-295-8926,fleehane5@gov.uk,2021-12-23,2022-08-08,58 Village Green Court,Týrnavos
7,Evania,Harnett,eharnett6,557b663dc454f3c62a306a9d87297479d12b24edb1fd27591ae84615f10d6167,483-901-2968,eharnett6@vimeo.com,2022-05-30,2022-06-18,38 Dapin Road,Gualán
8,Dniren,Dicken,ddicken7,89b950b5189a24727a29d6312b12aff1119c5948c95903ca616374b3d4a511a8,906-384-2252,ddicken7@china.com.cn,2021-12-31,2022-04-10,2819 Daystar Street,Lleida
9,Drusi,Yacobsohn,dyacobsohn8,1b074d2776cd97f3e85303819c123cff9d2e66401164115d9f596a13a4f84446,795-636-0778,dyacobsohn8@bloomberg.com,2022-06-07,2022-06-07,081 Blaine Road,Hedao
10,Hanson,McCaughran,hmccaughran9,41ad258b581772f437c6a088aa85b87aa94ce88445512bd739cf33501c47200f,959-920-8420,hmccaughran9@telegraph.co.uk,2021-12-28,2022-04-01,3461 Heffernan Court,Viesīte
11,Diandra,Paniman,dpanimana,2aa97a3cedabfab66d36f55df467a01d48a6cf8340193a3b3ddecf2a314fe9b4,595-778-3052,dpanimana@tiny.cc,2022-10-02,2022-01-15,1 Mockingbird Way,Balangpule
12,Loydie,Ruggles,lrugglesb,47d891968dd1489474177bbb22f81499d093507890394a697bcfa2a07609ee67,671-379-7491,lrugglesb@eventbrite.com,2022-09-14,2022-03-31,735 Doe Crossing Hill,Tanbu
13,Irwinn,Cadle,icadlec,ecbf9b6771ffa4b200d51cb03fedda6521e40d2de59e09609f7b77e4aba87716,663-498-8930,icadlec@virginia.edu,2022-01-26,2021-11-19,911 Jay Parkway,Carlos Tejedor
14,Valenka,Spritt,vsprittd,227434da00e165fd38ee04fc94ed1d813a509c7b4052e1b57806fcb257c494e5,711-867-2180,vsprittd@reference.com,2022-03-13,2022-10-28,177 Grayhawk Road,Udon Thani
15,Rita,Coard,rcoarde,a54862ef8ac3bb01b3faaba23ff2bd5a3c1b7b3132abe1c089847104a5d94912,613-177-1391,rcoarde@istockphoto.com,2021-11-21,2022-01-07,8 Dennis Point,Chornukhy
16,Janeta,McGoogan,jmcgooganf,94ea8eab741569ce267f5a0ba161c251fbf9e2890aa41556539ca2c82eb7ad56,214-554-6995,jmcgooganf@cornell.edu,2022-04-17,2022-04-16,04614 Welch Drive,Porvoo
17,Britteny,Ayce,bayceg,fb8dd4530f0c14ba516d5cb0564a18a2ff404e25527d994449b0c28298bfe7c6,497-849-9901,bayceg@purevolume.com,2022-02-21,2022-06-28,971 Eagan Point,Mikumi
18,Costa,Jaouen,cjaouenh,2368c946588b5a0b93a224856d9e57487aaac73c71643922df9825edddb1a1ea,734-169-7746,cjaouenh@ibm.com,2022-08-10,2021-12-15,0973 Spohn Alley,Patrocínio
19,Carce,Stodhart,cstodharti,c3bde84883c06a4dc6400c587ae459615ea73e654e6827923655d7901cdc67ed,339-860-6743,cstodharti@clickbank.net,2022-09-23,2022-01-11,8261 Coleman Crossing,Kaeng Khro
20,Hercules,Jeffray,hjeffrayj,154bca567b283790380f7c882d1fb5862e3d0397519d1c90487425e19c0c0df0,966-475-0753,hjeffrayj@techcrunch.com,2022-08-13,2022-03-26,2 Sheridan Hill,La Cumbre
21,Janeen,Kibbel,jkibbelk,da6af62e05840b80b2bb97ddac75c90df7015be7fdda6576d751a242501c2459,725-502-5533,jkibbelk@reddit.com,2022-10-05,2022-10-23,7224 Bartelt Junction,Yangqing
22,Dore,Jillard,djillardl,f9390f371dd43f89c11f4f2ed4145fb489271de083995006373afaccb13cb12b,831-144-9079,djillardl@youku.com,2021-12-13,2022-03-25,74 Talisman Park,Chishan
23,Kerwin,McKibben,kmckibbenm,d088818dd99af3454d242f6595ee2fd925beff9adcd90a060ce779252d5e229d,775-458-4951,kmckibbenm@imageshack.us,2022-05-17,2022-06-17,22 Kennedy Parkway,Negararatu
24,Brand,Peche,bpechen,65dc93a476fc9756045ff9d285394638f4b025288ada74c89eda5900623e6d78,422-197-6490,bpechen@globo.com,2022-07-10,2022-01-24,390 Donald Parkway,Trindade
25,Mildred,Ludford,mludfordo,7a8160d0a245917bb3b6f97b17e85eb0b3917ad9cb2270b30333fd237702f0b4,252-177-5304,mludfordo@fotki.com,2022-01-12,2022-05-03,69786 Tomscot Pass,Xiaogang
26,Benjie,McCanny,bmccannyp,d76b4dd4f13c98ee747a50377e4c0dcffe31158465b6e31729519a751d6616e0,312-938-7619,bmccannyp@upenn.edu,2022-07-20,2022-02-25,65 Westport Road,Chicago
27,Travers,Poxton,tpoxtonq,26353c18c3765e3b3823cec96f036f269f5d862cbe9a8f32c319903a8336be61,882-912-3398,tpoxtonq@china.com.cn,2022-03-11,2022-01-30,45511 Golf Course Crossing,Río Tercero
28,Alden,Couthard,acouthardr,b134a8fa44cd2d4deb98fd02b42755b8697cccd7a27002909b94cffb8c80fa25,937-746-0883,acouthardr@bloglines.com,2022-09-26,2022-04-25,4567 Corben Plaza,Mogotes
29,Rowan,Mechan,rmechans,4d062e46509a6ab68c3d75205c80428dbaec8f745268d29b43db4410c5af5ab1,893-947-8554,rmechans@tmall.com,2022-06-19,2022-07-25,32 Grayhawk Road,Borås
30,Dorthy,Olijve,dolijvet,e061b4c123a6937cb2fa8975150b99d73f370dbcb04b1f02946e30dca1ae4f10,844-684-5920,dolijvet@opera.com,2021-12-07,2022-08-12,680 Walton Plaza,Onzaga
31,Coleman,Matushenko,cmatushenkou,547592b2fbf99ea8c6b55f3b7d67f28568461c0cba29f0f0464b34621f6e024b,235-123-4079,cmatushenkou@wp.com,2022-03-21,2022-08-16,63904 Superior Road,Pasirpanjang
32,Constancy,French,cfrenchv,9d22c1a722cf8592b8bf735e8a7a096173ba3cf280e03f124f72a58fa084da88,224-477-3767,cfrenchv@so-net.ne.jp,2022-01-03,2022-05-01,44 Green Ridge Road,Chengzihe
33,Bengt,Cossington,bcossingtonw,b146b83a705a645d7195b55cf9b39099c6d2c05ce874cc791a777b0a49119f8a,975-851-9867,bcossingtonw@comsenz.com,2022-01-26,2022-07-04,8 Stephen Place,Sendung
34,Tod,Mintoft,tmintoftx,8c297bd3e0db65842399cf5696dd2f397889ea607252a0f0b72866e42758e3d8,720-830-0440,tmintoftx@bloomberg.com,2022-06-02,2022-08-15,85720 Dexter Hill,Sredno Konjare
35,Otto,Brosius,obrosiusy,077f7e16b55ea1b11a03a4727ab30a72e1df98d7a95043e07c99e180da4fe137,442-529-4017,obrosiusy@parallels.com,2021-12-13,2022-10-08,948 Gina Drive,San Vicente Pacaya
36,Candida,Gomes,cgomesz,ba31373e0edc383748b022f4bb58752e679f97af4b8844913f7ff4d5d301fa3d,111-167-4811,cgomesz@auda.org.au,2022-02-17,2021-12-17,78702 Anderson Parkway,Couço
37,Hedvige,Bentick,hbentick10,16acf1ee565dd9bb9bc376bdf658af072cc4a2b2fb69e4badec000280e3c7160,816-152-7503,hbentick10@skype.com,2022-09-12,2022-06-16,35 Ridge Oak Avenue,Peuteuy
38,Webster,Cansfield,wcansfield11,02cdf9f79d159819e6943cd60d659aedf28dc5f745c8baf06b05720fc330f47e,545-642-7378,wcansfield11@google.ca,2022-06-19,2022-05-02,475 Grover Place,Sangju
39,Gail,Fripps,gfripps12,11aaf0752c2be20472fba5882a92649a35ae22c4ef74694bc833be61ee36125e,975-972-8481,gfripps12@opensource.org,2021-11-19,2022-08-20,361 Lotheville Drive,Níkiti
40,Mercedes,Josselson,mjosselson13,8e590e6d0142128202d96a113a0d39b34ba330044a666c7a2f7d43ab94ecf136,217-733-8971,mjosselson13@ocn.ne.jp,2022-11-05,2022-03-28,561 5th Avenue,Kuče
41,Sissie,Goldin,sgoldin14,d1120a7e11907b05ccacb8885cc9c9a0374bb3da625c1d6de79f9522a7895c22,710-604-7101,sgoldin14@wp.com,2021-11-29,2022-05-24,0 Loftsgordon Place,Přibyslav
42,Mariann,Bensley,mbensley15,2d4c16c5d27acbcf89d10623f3ce327fb0e589468999ce68a5d14d3950af7ed7,854-581-4206,mbensley15@berkeley.edu,2022-04-13,2022-03-31,624 Alpine Way,Zhenhai
43,Brewster,Dunabie,bdunabie16,5982e64804b788b2bb960eb807a574ec25379257cf3eaf9abdbdba46dc796863,789-620-3345,bdunabie16@tumblr.com,2022-09-30,2021-12-02,6392 Derek Center,Mānānwāla
44,Bond,Behrens,bbehrens17,725b4bd4eaff2205529ec723c739fd40e61fe5af00d10c5404472fbd1a134e07,370-424-6912,bbehrens17@chronoengine.com,2022-04-30,2022-05-25,17163 Talisman Terrace,Māmūnīyeh
45,Eugenie,Oldman,eoldman18,6a5a855f56118818419c4fb47465480fcdca1f8f596b0074c349940d1ecbc15a,774-448-9457,eoldman18@artisteer.com,2022-08-08,2022-05-15,320 Ruskin Plaza,Alupay
46,Padget,Schenfisch,pschenfisch19,85b30faa46afb6e889b3fa54cdee803f109aedb9a6c79db4a613b82448bffcc6,469-747-3182,pschenfisch19@prweb.com,2021-11-27,2021-11-25,7596 Valley Edge Lane,Kostarea Satu
47,Wenda,Atto,watto1a,0ab3e4eddf791e6b3d11f5f06b73c289ada093aef4f20f6e70afc801a5fe4e7e,869-349-6424,watto1a@liveinternet.ru,2022-09-14,2022-02-23,9981 Mendota Parkway,West End
48,Osbert,Colquyte,ocolquyte1b,1d115386346ab466e86bed210434097e8577a6b1d9edc09b2339ecf82c310bb5,334-365-2812,ocolquyte1b@yellowpages.com,2022-04-05,2022-05-02,96103 Stang Road,Svetlyy
49,Stephen,McIlharga,smcilharga1c,b2cd37f03ae78072b61b20c58180805405e7934b6b74d691e89fd01ddb3cfe96,234-676-5111,smcilharga1c@nytimes.com,2022-06-18,2022-06-16,44680 Red Cloud Avenue,Krajan Dua Dawuan Wetan
50,Sigfried,Lorens,slorens1d,5f98df600a5913b2244d4a4a6c3eb0b764dc09a31a973e1c20d91e5b9a321f21,341-664-5311,slorens1d@imdb.com,2022-09-29,2022-09-15,273 Lighthouse Bay Circle,Sóc Trăng
51,Clo,Rodge,crodge1e,e14f89f938141797367e58564d45f0f0da98a2c63738eace84b868ce50fe3ea0,310-199-7410,crodge1e@guardian.co.uk,2022-09-18,2022-09-13,97 Canary Street,Staré Město
52,Jedd,Seal,jseal1f,5de0385a135c54e3e6ea4f7a4fb38b80fe1f0d9099851c14a60529119039190e,538-964-7485,jseal1f@blogspot.com,2022-03-11,2022-03-10,045 Hoffman Drive,Bayamo
53,Errol,Archibold,earchibold1g,05f6953025d21dee3a8b2ef1fb9f8d4748b1dcdc7d6fdc636d5fbc33ff018571,900-355-8817,earchibold1g@washington.edu,2021-12-23,2022-07-18,38 Fordem Alley,Kadubamban
54,Jermaine,Sheepy,jsheepy1h,160ac88ed76f5e7a4858877f83081f309ff35d430cdc4b352457a62e24c7428c,577-876-9419,jsheepy1h@wufoo.com,2022-07-04,2022-03-22,32 Orin Parkway,Wañgan
55,Stillman,Wordington,swordington1i,24f4da70474af93aeb4f238b791330a61a55cf9ef9d92d9044f8a6c86c53a059,441-969-2260,swordington1i@kickstarter.com,2022-08-15,2022-11-09,83 Calypso Plaza,Liubo
56,Codie,Quinney,cquinney1j,b8e65f7e1b2a8a0fb4d8bb67f64da792a525aad7eb19017a126295a9a28b2ac1,424-233-1430,cquinney1j@aol.com,2022-10-09,2022-09-19,32801 1st Parkway,Staryy Urukh
57,Sher,Underdown,sunderdown1k,bf771c5c8f215b64d71ff0367ef1c3e9ed8e156de0f59e283822b5f9ac335330,753-791-8172,sunderdown1k@nsw.gov.au,2021-12-09,2022-03-25,8119 Westerfield Junction,Hanam
58,Frederich,Sizey,fsizey1l,3f00a2f34419883a226a5e424580cd643635f6ca0b785eff5d57daf68b03492f,776-363-0737,fsizey1l@yelp.com,2022-06-12,2022-06-05,2 Northport Crossing,Guaramirim
59,Ker,Branscombe,kbranscombe1m,59cf16c4aa66858971d441de3455dae055fdbf4acd7b8ba8868d158b7de1aeb8,581-160-4295,kbranscombe1m@independent.co.uk,2022-09-18,2021-12-01,93 Fisk Road,Oslo
60,Quill,Delbergue,qdelbergue1n,f6fbdedd54ea869a5bfd56cf686c059ded34460a01717e3b73a7b5d35fa75496,572-179-1338,qdelbergue1n@theatlantic.com,2021-12-18,2022-05-28,00658 Fairfield Junction,Kamenica
61,Anna-diana,Wards,awards1o,5bf58853a653ca02a2bc470840da312a78984aa886423c077c6c0041ec5d9a3f,178-879-8711,awards1o@latimes.com,2022-08-18,2022-03-27,6 Badeau Plaza,Gugut
62,Rand,Armell,rarmell1p,c8ba8e012fdc561e6b0fdb2f1fff086d0b0e3940e039f4da61e220d2dddffebe,245-262-7286,rarmell1p@tinypic.com,2022-05-08,2022-02-17,429 Old Shore Way,Bellavista
63,Chickie,Hablot,chablot1q,b1b55694d1a152beb0fab39556aa86d7dc890899c20fa6d6699b6331c8396594,402-809-0590,chablot1q@china.com.cn,2022-02-22,2022-02-06,811 Bellgrove Trail,Volgo-Kaspiyskiy
64,Sheppard,Abby,sabby1r,a787ffdbf330d06c68bc585b6a905159f60fd1cf16d1401c4a340fbe1ea11a50,391-602-8463,sabby1r@istockphoto.com,2022-05-31,2022-09-13,76508 Aberg Point,Umi
65,Nerta,Phipson,nphipson1s,738ef8768ff62f0e6ee61309896f0f06e9e966a42de54bb79278f8b0c5758226,317-167-0702,nphipson1s@people.com.cn,2022-08-24,2022-06-28,3 Welch Drive,Zel’va
66,Mike,Duckham,mduckham1t,ffdb5d47a8a567125e861b1a974db4cb79fb9923a512d3ae15e54cf233d416d4,245-594-2828,mduckham1t@bbc.co.uk,2022-10-08,2022-08-18,4 Butterfield Lane,Daxindian
67,Sandi,Vowels,svowels1u,645ab5a53ddc19b9da8181c5f350a4a9cd84721f604bfdc094c1e306ccbd8f84,249-829-6069,svowels1u@cam.ac.uk,2022-09-28,2022-09-18,16048 Division Trail,Šipovo
68,Miller,Chatband,mchatband1v,93647497f94f059c2a982abb4ad18598f74f0b41850ce8fe69f2e7a607b0e92f,329-420-1714,mchatband1v@weather.com,2022-02-20,2022-03-31,3 Meadow Ridge Circle,Tanglag
69,Aileen,Asey,aasey1w,0687d470182b4a0dbf2b65b1a62f5e07414e37472e01b97ec3ef611120d1abc5,362-864-2747,aasey1w@prlog.org,2022-09-18,2022-04-23,52970 Hallows Park,Betong
70,Creigh,Hardacre,chardacre1x,2a39f3eb778a8f9748a14a8a6c37d4c649e3cf5c6f7325fce71ce6f15f645ae8,535-889-4962,chardacre1x@marketwatch.com,2021-12-06,2022-07-19,96 Debs Drive,Jiangkouxu
71,Arlinda,Kenion,akenion1y,afd32d567081557f3d8b23b6e146b01c1d39c111e60137ee7c9609b59dee5644,543-772-8349,akenion1y@telegraph.co.uk,2022-07-23,2022-01-20,05 Crowley Court,Ishigaki
72,Wilhelmine,Medd,wmedd1z,0e9b4a08d3ae552da8b80bea39b988341ad7998aab6fd946ded8f14c71f2b70c,429-877-4874,wmedd1z@wix.com,2022-10-17,2021-12-30,515 Sugar Way,Sanqu
73,Lin,Nicholas,lnicholas20,7a6d0b36ed58081c1dfed8e18de7d4c6956fc8feb4bce5922f39ab6beeb2431d,548-282-4246,lnicholas20@biblegateway.com,2022-08-29,2022-07-14,00483 Vidon Place,San Antonio
74,Paolo,Couth,pcouth21,37ee6c49ee00863face60c93ff0e1546b4bc32d248f4cbf67e15a79c6d80ce33,478-366-2008,pcouth21@cargocollective.com,2022-09-12,2022-06-21,09075 Anniversary Park,Macon
75,See,Ratazzi,sratazzi22,f9d9675842683e1102db3631b52a90beaafab97ee4ca9ccb980359c0ad9e67ff,620-498-0301,sratazzi22@opensource.org,2022-05-05,2021-12-01,4 Westend Place,Longkou
76,Angel,Fannin,afannin23,f8f307ad77bbe5fc567ec3411640d3adb11bf182f64e47fe5d03abe7c529493d,106-308-2029,afannin23@senate.gov,2021-11-23,2021-12-24,35137 Fieldstone Alley,Talun
77,Carney,Chellenham,cchellenham24,d92efaf3d98331734ed467ed2be52346df34e54ace042ff94e703c846891c460,137-958-6847,cchellenham24@theatlantic.com,2022-04-05,2022-04-24,50 Grasskamp Avenue,Houjie
78,Nataniel,Kulvear,nkulvear25,889512e3a3f7df10fe8edd9e39429f75f0bb90448321996e85dd31d44dcaa96f,133-566-1730,nkulvear25@constantcontact.com,2022-06-05,2022-03-31,96371 Straubel Hill,Foluo
79,Sherlock,Bratley,sbratley26,6e51eeda43f8879539ac0c47b5eb0d7845fd89971c44908149b2efb346588f1c,887-853-3835,sbratley26@about.com,2021-12-16,2021-12-24,9 Main Lane,Yaring
80,Fee,McLagan,fmclagan27,bb84d4f207c8e030d9013756f0b8359272d1cca427f33a2f68970271c20e6ee1,793-731-0947,fmclagan27@people.com.cn,2022-10-01,2021-12-13,9 Barnett Terrace,Shah Alam
81,Juliana,Whistance,jwhistance28,004c61490e406c5a48a5ff343030d132d1c7a24a7cb91c043f57042d2fec373c,192-914-8846,jwhistance28@cpanel.net,2022-02-05,2021-11-21,37700 Goodland Point,Zhangcun
82,Boris,Shepheard,bshepheard29,c2b3fe3ca59ef4e4d6a356bf98ba85e19721f65248e36250b8921000a82ed13d,280-627-4579,bshepheard29@timesonline.co.uk,2022-08-10,2022-06-05,5 Kensington Hill,Kuala Lumpur
83,Peg,Billing,pbilling2a,03c0a2d277d076150192d866200759a94dd3e5cfae0105026742b6840dc36b32,644-209-8574,pbilling2a@soup.io,2022-04-12,2022-03-13,02 Fuller Lane,Liuzu
84,Weidar,Kalkofen,wkalkofen2b,fe413cf0b672f798fab033ce739a025bc8e593776e24b94b5d0cddde9527ce5c,802-881-5246,wkalkofen2b@weather.com,2022-02-13,2022-01-11,6 Alpine Terrace,Larkird
85,Ertha,Westwell,ewestwell2c,06420bbfa4f92dc8882b6324a5a3c8a3919161596ba4e58b70b1b873128a8d1c,462-100-5290,ewestwell2c@prweb.com,2022-01-25,2021-11-28,45396 Butterfield Way,Łobżenica
86,Jodie,Haslock(e),jhaslocke2d,5624a23d9288a7307f0d5475a7288cc66c1c18a9d3d4b285f181457bfadbae29,635-455-2649,jhaslocke2d@oakley.com,2022-08-05,2022-04-01,8 Jenifer Junction,Magarao
87,Lavinie,Thorbon,lthorbon2e,db8779436bdcb2e7c82304bafdccecd45e8957ad62a0306e995e1b7ba31ee627,166-167-3819,lthorbon2e@patch.com,2022-06-08,2022-08-11,11717 Ridgeview Plaza,Batutulis
88,Kelila,Kliemchen,kkliemchen2f,6cc8afc4bdc7911a1cbd7258d5c45f9611b946b4f68d2646b99968ec30c5ae2e,651-316-0208,kkliemchen2f@usda.gov,2022-01-31,2022-03-20,25 Shoshone Drive,San Julian
89,Maia,Gascoigne,mgascoigne2g,48035e67d99e93dcdafada5c6b2fe85cb2ffddc31046088cbaf0ab27c2356e4d,893-348-1658,mgascoigne2g@domainmarket.com,2022-03-07,2022-03-15,8 Hagan Plaza,Sydney
90,Emalee,Castanaga,ecastanaga2h,a6b8d4e11c9cf383cc79e69ab89f12d19b1ecfc0179aae5eee99f7ccd180d6a7,455-266-9980,ecastanaga2h@surveymonkey.com,2022-04-20,2022-09-08,325 Anzinger Plaza,Wulong
91,Leslie,Daunay,ldaunay2i,95ded36159b80ccf134646893be6d18794934fad0613598919c1d81b365d5f44,257-725-7481,ldaunay2i@clickbank.net,2022-08-22,2022-10-23,177 Petterle Crossing,Saint Aubin
92,Edythe,Minot,eminot2j,ef64a252a15ede713ede63ad300b8795d716a726a1f3349df39fe3cb34f0ec6b,414-686-9325,eminot2j@hubpages.com,2022-02-11,2022-09-12,4 Barby Plaza,Stockholm
93,Luther,Lacoste,llacoste2k,48927ad08e97965ef21163973c46427ff64f679ecba1427dd279ba3704c271d7,915-665-5961,llacoste2k@fastcompany.com,2022-10-05,2022-02-17,36 Anderson Park,Cikembar
94,Hersh,Ornelas,hornelas2l,1987d532db63a0abb097156c2d5618d6e66ee7805696da53dde7ca9c042fb74c,962-275-1333,hornelas2l@yandex.ru,2021-12-07,2022-04-28,0 Sundown Point,Rio
95,Ezequiel,Gibbeson,egibbeson2m,0c6d5421b5e855779576fe9d26b8eb923273856fe97e0ddc5a3808eef8e27279,486-731-9614,egibbeson2m@ifeng.com,2022-01-10,2022-04-30,503 Mariners Cove Crossing,Mikhaylovskoye
96,Becki,Barthelet,bbarthelet2n,1c11c9884d82b85e5449eba16ce6cfe0cb16d4a2908a98f69cee47c8aac949e2,267-590-4306,bbarthelet2n@lulu.com,2022-03-13,2022-02-09,27 Arizona Circle,Az Zarbah
97,Woodie,Carratt,wcarratt2o,c1a6fae5d3d64c8a0bc5cbdd83fb7b2e1fdc7e44a7ca1a2c44fe4da42e2dee24,255-299-6299,wcarratt2o@webeden.co.uk,2022-04-17,2022-07-31,4 Chive Street,Novoshakhtinsk
98,Jade,Antrobus,jantrobus2p,2c34e9cc30f0230bfde9e13126f757126535f0201734cbad111ab3d645a728aa,597-446-0967,jantrobus2p@bluehost.com,2022-09-28,2021-12-15,7 Straubel Pass,Pasacao
99,Sibley,Snalum,ssnalum2q,ae219e72eddc8ba722a82f68ac7cc0bc3c030fe032f88a7fad7a11ada37d0988,373-392-1556,ssnalum2q@ed.gov,2022-08-19,2022-08-10,7030 Oneill Plaza,Oekero
100,Nadeen,Alessandrini,nalessandrini2r,1ced9c64d730a15782efc2db5359cf9c918fa2cff5d13233bd6f0fc345394734,293-403-0428,nalessandrini2r@nps.gov,2022-03-29,2022-08-15,40397 Hanson Street,Nedryhayliv
